variety_id,species,variety_name,scientific_name,plant_type,days_to_maturity_min,days_to_maturity_max,sun_requirement,spacing_inches_min,spacing_inches_max,start_method,pinch_at_height_inches,stem_length_inches_min,stem_length_inches_max,bloom_size_inches_min,bloom_size_inches_max,vase_life_days_min,vase_life_days_max,cut_and_come_again,succession_interval_days,bloom_color,usda_zone_perennial_min,usda_zone_perennial_max,overwintering_method,variety_notes,sources,source_notes,confidence,last_verified_date
zinnia_benary_giant,zinnia,Benary's Giant Mix,Zinnia elegans,annual,75,90,full sun,9,9,indoor start,10,24,36,4,6,7,10,TRUE,21,"mix: red, orange, yellow, pink, white, lilac, lime, wine",,,Annual everywhere — pull plants after frost. Save seeds by fermenting if desired.,"Standard for specialty cut flower growers; endorsed by the Association of Specialty Cut Flower Growers (ASCFG). Bred by Ernst Benary, a German seed company founded 1843. Densely petaled double flowers with a high percentage of doubles. Disease-resistant compared to other zinnias. Holds up well in summer heat and rain. Harvest when stem is stiff (wiggle test — if the stem bends, not ready). Do NOT refrigerate. Add a few drops of bleach to vase water to combat murky water.",Floret Library; Johnny's Selected Seeds; Harris Seeds; Seed Savers Exchange; Uprising Seeds; Nature & Nurture Seeds,Floret Flowers is the authoritative cut flower source (Erin Benzakein wrote the defining specialty cut flower book). All sources agreed on fundamentals.,high,2026-04-24
dahlia_cafe_au_lait,dahlia,Café au Lait,Dahlia pinnata,tuberous perennial,80,100,full sun,12,18,tuber,12,36,48,8,10,4,5,TRUE,,cream-blush-champagne,8,10,"Dig tubers 1-2 weeks after first killing frost. Rinse soil, dry 24 hours, store in vermiculite or peat in a cool dark high-humidity location (crawl space or basement). Divide in spring before planting.",Most requested dahlia variety in the floral industry. Dinnerplate form (informal decorative). Massive ruffled blooms resemble pastel silk pillows; wedding industry staple. Stake at planting — blooms are heavy. Harvest when 3/4 open (dahlias do not continue opening after cut). Hot water treatment improves vase life (sear stems in 160-180F water for 1 hour). One tuber produces up to a dozen tubers per season.,Floret Library; White Flower Farm; Longfield Gardens; Sierra Flower Farm; DutchGrown; Bleeding Heart Flower Farm; The Kokoro Garden; Pith + Vigor,Vase life shorter than most cut flowers at 4-5 days — worth flagging to users. Bloom timing is notoriously unreliable (pro grower The Kokoro Garden cautions against promising dates).,high,2026-04-24
zinnia_oklahoma_salmon,zinnia,Oklahoma Salmon,Zinnia elegans,annual,75,90,full sun,9,9,indoor start or direct sow after frost,10,18,30,2,3,7,10,TRUE,21,salmon pink,,,Annual everywhere — pull plants after frost,"Oklahoma series has the highest percentage of reliable double blooms in cutting zinnias — more consistent than Benary's Giants or Zinderella series. Smaller 2-3"" blooms on 30"" stems — excellent ""filler"" companion to larger focal flowers. Mildew-resistant. Extremely prolific — single plant can yield a dozen stems at a time. Cooler pastel salmon color works with most color palettes.",Floret Library; Johnny's Selected Seeds; The Kokoro Garden; Lynsey Taulbee; Red Dirt Ramblings,Flower farmers universally cite Oklahoma series for reliability; Benary's Giant for size/drama; Queen series for unique colors.,high,2026-04-24
zinnia_queen_red_lime,zinnia,Queen Red Lime (Queeny series),Zinnia elegans,annual,75,90,full sun,9,12,indoor start or direct sow after frost,10,24,36,2,3,7,10,TRUE,21,dusty rose center fading to lime-green outer petals,,,Annual everywhere — pull plants after frost,"Queen/Queeny series has the most unique sophisticated color palette in zinnias — antique rose, plum, eggplant, lime blushes. Customer favorite for bouquets — the unusual coloration stands out. Not always fully double (some singles appear). Smaller 2-3"" blooms on good-length stems. Works in Victorian/moody color palettes.",Floret Library; Johnny's Selected Seeds; The Kokoro Garden; Lynsey Taulbee,Queen Red Lime specifically is often cited as THE standout zinnia for unique coloring.,high,2026-04-24
zinnia_benary_lime,zinnia,Benary's Giant Lime,Zinnia elegans,annual,75,90,full sun,9,12,indoor start or direct sow after frost,10,30,48,4,6,7,10,TRUE,21,Granny Smith apple green,,,Annual,"The iconic ""green flower"" — visually striking in mixed bouquets. Densely packed petals. Low mildew susceptibility. One of the tallest and strongest-stemmed zinnias (36-48""). 4-6"" dahlia-like blooms. Part of Benary's Giant series bred for cut flower production.",Floret Library; Hoss Tools; Territorial Seed; Epic Gardening,Green flowers are uncommon and highly sought after for designer work.,high,2026-04-24
zinnia_zinderella_peach,zinnia,Zinderella Peach,Zinnia elegans,annual,75,90,full sun,9,12,indoor start or direct sow after frost,10,24,36,2,3,7,10,TRUE,21,peach blush with scabiosa-like pincushion center,,,Annual,"Scabiosa-flowered zinnia with distinctive ""pincushion"" bicolor center. Unique novelty appeal. Variable form — not always fully scabiosa-shaped (some singles and partial doubles appear). Lower germination and less vigor than Benary's or Oklahoma. Grow several plants to get a few good blooms. Prized by designers for its cottage-garden character.",Floret Library; Johnny's Selected Seeds,Inconsistent form is well-documented — set user expectations accordingly.,high,2026-04-24
cosmos_cupcakes_blush,cosmos,Cupcakes Blush,Cosmos bipinnatus,annual,90,100,full sun,12,12,indoor start or direct sow after frost,12,24,36,3,4,4,6,TRUE,,soft blush pink,,,Annual — but reseeds readily in warm climates,"Fused fluted petals form a distinctive ""teacup"" shape — petals look cut with pinking shears. Palm-sized blooms. Floret favorite and widely praised. Plants grow to 4 feet — stake or net for support. Harvest when buds just cracking open for best vase life. Extremely productive — more you cut, more you get. Bury stems deep like tomatoes for stronger roots and less flopping.",Floret Library; Floret Flower Farm; Johnny's Selected Seeds; Floret blog,"Single plants described as ""flower bushes"" by growers — very productive. Vase life is short-term limitation.",high,2026-04-24
cosmos_double_click_mix,cosmos,Double Click Mix,Cosmos bipinnatus,annual,75,90,full sun,12,12,indoor start or direct sow after frost,10,24,36,2,3,5,6,TRUE,,"mix: rose, blush, cranberry, white",,,Annual,Double-flowered form — fluffier and longer-lasting than single cosmos. Earlier to bloom than Cupcakes (75 vs 90 days). Shorter plants (3-4 ft) than some cosmos. Mix gives color variety from one packet. Harvest when half-open for best vase life on doubles.,Floret Library; Johnny's Selected Seeds; Floret blog,Double forms last slightly longer in vase than singles.,high,2026-04-24
cosmos_seashells,cosmos,Seashells Mix,Cosmos bipinnatus,annual,75,90,full sun,12,12,indoor start or direct sow after frost,10,24,36,3,4,5,6,TRUE,,"pastel mix: pink, rose, white, carmine with bicolors",,,Annual,Distinctive tubular/fluted petals resembling seashells — unique form. Single-flowered (not double). Large showy blooms in pastel mix. Strong producer. Adds unusual texture to bouquets. Tied with Purity as classic cosmos varieties.,Floret Library; Floret Flower Farm,Fluted/tubular petal form is the defining character.,high,2026-04-24
cosmos_rubenza,cosmos,Rubenza,Cosmos bipinnatus,annual,75,90,full sun,12,12,indoor start or direct sow,10,24,36,2,3,5,6,TRUE,,deep ruby red fading to dusty pink with age,,,Annual,"Uniquely dark cosmos — almost red/burgundy at full bloom, fading through rose and blush as flowers age. Each flower shows multiple colors simultaneously on the plant. Customer favorite for moody/autumn bouquets. Works beautifully with Queen Red Lime zinnias and dahlias.",Floret Library; Johnny's Selected Seeds,One of the few truly red cosmos — fills a niche in most color palettes.,high,2026-04-24
snapdragon_chantilly_mix,snapdragon,Chantilly Mix,Antirrhinum majus,tender perennial (grown as annual),110,130,full sun to part shade,6,9,indoor start 10-12 weeks before last frost,6,30,42,1,2,7,14,TRUE,,"mix: bronze, peach, pink, purple, red, white, yellow",7,10,"In zones 7+ with mulch, plants may survive winter and bloom earlier next year. Treat as annual in colder zones. Fall planting in Southern climates (overwinter with protection) yields longest stems.","OPEN-FACED azalea-flowered snapdragon — no ""jaws"" to snap. Tall spires (30-42"") with dozens of florets. Chantilly is a Group II snapdragon (cool-season tolerant). Extremely long vase life (up to 2 weeks). Flowers from bottom up — harvest when 1/3 to 1/2 open. Pinch at 6"" for branching. Cool-season flower — plant in spring (zone 5-7) or fall-overwinter (zone 7-9) for best stem length.",Floret Library; Johnny's Selected Seeds; Sakata Ornamentals,"Snapdragon Group I/II/III/IV classification refers to temperature and daylength response — Group II (Chantilly, Madame Butterfly) is most adaptable to home gardens.",high,2026-04-24
snapdragon_madame_butterfly,snapdragon,Madame Butterfly Mix,Antirrhinum majus,tender perennial (grown as annual),110,130,full sun to part shade,6,9,indoor start 10-12 weeks before last frost,6,24,36,1,2,7,14,TRUE,,"mix: red, rose, yellow, bronze, white",7,10,Treat as annual in cold zones; may overwinter in zone 7+,"Double-azalea-flowered snapdragon — fully doubled open-faced blooms. Showy ""ruffled"" look. Group II (cool-season). Slightly shorter than Chantilly. Long vase life. Excellent alternative when you want doubles instead of the more architectural single-flowered Chantilly.",Floret Library; Johnny's Selected Seeds,Double-flowered form is the main difference from single Chantilly.,high,2026-04-24
snapdragon_rocket,snapdragon,Rocket Mix,Antirrhinum majus,tender perennial (grown as annual),100,120,full sun to part shade,6,9,indoor start 8-10 weeks before last frost,6,30,36,1,2,7,10,TRUE,,"mix: bronze, cherry, pink, red, yellow, white",7,10,Treat as annual in cold zones,"Traditional ""snapping jaws"" snapdragon — the classic form children love to play with. Group III (heat-tolerant) — better for summer bloom in warm climates where Chantilly/Madame Butterfly struggle. Tall strong stems. Solid colors with traditional snapdragon form. Workhorse cutting variety.",Johnny's Selected Seeds; Park Seed,Heat tolerance (Group III) makes this the summer snap for mid-Atlantic and Southern gardeners.,high,2026-04-24
snapdragon_potomac,snapdragon,Potomac Appleblossom,Antirrhinum majus,tender perennial (grown as annual),120,140,full sun,6,9,indoor start 10-12 weeks before last frost,6,36,48,1,2,7,14,FALSE,,soft pink with cream throat,7,10,Requires overwintering in zone 7+ for best stems — these are Group IV long-day snapdragons,"Group IV snapdragon — requires long days to flower. Commercial cut-flower quality — tallest stems (36-48""). Single central spike (not branching) — cut the main stem as the entire harvest. Must be fall-planted and overwintered in zone 7+ for proper flowering. Not suitable for spring planting in northern climates. Professional-grade choice for market growers.",Johnny's Selected Seeds; Sakata Ornamentals,Group IV requires specific timing — not a beginner variety. Single-cut habit is important to understand.,high,2026-04-24
sunflower_procut_orange,sunflower,ProCut Orange,Helianthus annuus,annual,55,65,full sun,6,9,direct sow after frost,,48,60,5,6,7,10,FALSE,10,deep golden orange with dark center,,,Annual — pull plants after harvest,"THE benchmark commercial cut flower sunflower. POLLENLESS — F1 hybrid that does not shed pollen, so no mess on tablecloths and longer vase life. Single-stem (not branching) — one plant produces one flower. Succession plant every 7-10 days for continuous harvest. ProCut series bred specifically for cut flower production. Uniform timing makes bulk harvesting easy.",Floret Library; Johnny's Selected Seeds; Sakata Ornamentals,Pollenless (male-sterile) is the critical feature separating commercial cut flower sunflowers from home garden types — no yellow pollen stains.,high,2026-04-24
sunflower_procut_white_lite,sunflower,ProCut White Lite,Helianthus annuus,annual,55,65,full sun,6,9,direct sow,,48,60,4,6,7,10,FALSE,10,creamy white with dark chocolate center,,,Annual,Pollenless white/cream sunflower. Part of ProCut series — reliable uniform single-stem production. Dark chocolate center provides striking contrast. White sunflowers are rare — designers love them for wedding work. Succession plant every 7-10 days.,Floret Library; Johnny's Selected Seeds,White/cream sunflower niche — premium variety for floral designers.,high,2026-04-24
sunflower_autumn_beauty,sunflower,Autumn Beauty,Helianthus annuus,annual,65,75,full sun,12,18,direct sow,,48,72,5,8,5,7,TRUE,,"mix: yellow, gold, mahogany, bronze, bicolors",,,Annual — leave seed heads for birds if desired,"BRANCHING multi-stem sunflower — one plant produces 6-10 smaller blooms over the season. Heirloom. Rich autumn color palette: yellows, golds, bronzes, mahogany, bicolors. NOT pollenless — classic sunflower that sheds pollen. Shorter vase life than pollenless types. Great for pollinators and seed-saving. Good choice when you want one planting that produces all summer rather than succession planting.",Baker Creek; Johnny's Selected Seeds; Territorial Seed,"Branching habit is trade-off: one planting vs many, but pollen and shorter vase life.",high,2026-04-24
sunflower_teddy_bear,sunflower,Teddy Bear,Helianthus annuus,annual,60,70,full sun,9,12,direct sow,,18,24,3,5,5,7,TRUE,,bright golden yellow,,,Annual,"Fully DOUBLE fluffy sunflower — looks like a pom-pom or dahlia. Dwarf plant (only 2-3 feet tall) — excellent for small spaces, containers, and children's gardens. No visible central disk — all petals. Branching. Bright cheery color. Short-stemmed limits cut flower use but perfect for kids and container growing.",Johnny's Selected Seeds; Burpee; Baker Creek,Dwarf form for containers and children's gardens — not a typical cut flower due to short stems.,high,2026-04-24
sunflower_mammoth,sunflower,Mammoth,Helianthus annuus,annual,80,110,full sun,24,36,direct sow,,96,144,10,16,3,5,FALSE,,classic golden yellow with brown center,,,Annual — harvest seed heads for birds or replant,"Classic giant heirloom sunflower — 8-12 feet tall, 10-16 inch flower heads. Not primarily a cut flower (too big for most vases) but grown for seeds and as a garden showpiece. Heavy seed production — excellent for wildlife and human snacking. Single massive flower per plant. Support in windy areas.",Baker Creek; Burpee; Johnny's Selected Seeds,Primarily a seed/showpiece variety — included for completeness of sunflower choices.,high,2026-04-24
dahlia_cornel_bronze,dahlia,Cornel Bronze,Dahlia pinnata,tuberous perennial,90,120,full sun,18,24,plant tubers after frost (soil 60F+),12,18,24,3,4,5,7,TRUE,,warm bronze-copper,8,10,"Dig tubers 1-2 weeks after killing frost. Rinse, dry 24 hours, divide if needed, store in vermiculite/peat moss in cool dark humid location (40-50F).","BALL dahlia form — tightly packed round blooms, much longer vase life than dinnerplates. Warm copper-bronze color pairs with everything. Prolific bloomer. Ball-form dahlias are the workhorse cut flower dahlias — reliable, productive, long-lasting in vase. 3-4"" perfect round form.",Floret Library; Longfield Gardens; Swan Island Dahlias,Ball form = longer vase life than dinnerplate form. Essential distinction for cutting garden.,high,2026-04-24
dahlia_linda_baby,dahlia,Linda's Baby,Dahlia pinnata,tuberous perennial,90,120,full sun,18,24,plant tubers after frost,12,18,24,2,3,5,7,TRUE,,soft pink,8,10,Dig and store tubers as with all dahlias,"Pom-pom / miniature ball form — small 2-3"" perfect spheres. Wildly popular with designers — works in everything from bridal bouquets to casual arrangements. Long stems relative to bloom size. Extremely prolific. One of the most reliable and easy-to-use dahlias for beginners.",Floret Library; Swan Island Dahlias,Pom-pom form has smallest blooms but highest stem count per plant.,high,2026-04-24
dahlia_ferncliff_copper,dahlia,Ferncliff Copper,Dahlia pinnata,tuberous perennial,90,120,full sun,18,24,plant tubers after frost,12,24,36,7,9,4,5,TRUE,,coppery peach-pink with golden undertones,8,10,Dig and store tubers,"DINNERPLATE size informal decorative dahlia. Massive 7-9"" blooms in warm antique coppery-peach tones. Customer favorite for autumn weddings. Stake at planting — heavy blooms need support. Shorter vase life than ball dahlias (4-5 days vs 7+) — the trade-off for drama.",Floret Library; Swan Island Dahlias; Longfield Gardens,Dinnerplate form is dramatic but short-lived — manage customer expectations.,high,2026-04-24
dahlia_labyrinth,dahlia,Labyrinth,Dahlia pinnata,tuberous perennial,90,120,full sun,18,24,plant tubers after frost,12,24,36,6,9,4,5,TRUE,,"swirling blend of peach, pink, lavender",8,10,Dig and store tubers,"Dinnerplate informal decorative dahlia with swirling pastel coloration — no two flowers identical. Wedding industry darling. Large 6-9"" blooms. Strong stems. Productive for a dinnerplate. Second only to Café au Lait in floral designer popularity for weddings.",Floret Library; Swan Island Dahlias,"Color variability within the variety is a feature, not a bug — appeals to designers.",high,2026-04-24
sweet_pea_april_in_paris,sweet_pea,April in Paris (High Scent),Lathyrus odoratus,hardy annual,75,90,full sun (part afternoon shade in hot zones),6,8,soak seeds 24 hrs; indoor start 10-12 wks before last frost OR fall-plant in mild zones,4,8,14,1,2,4,5,TRUE,,cream with lavender-purple edges (deepens with age),,,"Sweet peas are cool-season annuals; hot weather ends bloom. Zone 7+: fall-plant seeds for spring blooms. Zone 3-6: spring-plant after soaking seeds, pinch early, trellis at planting.","Bred by Dr. Keith Hammett — marries old-fashioned strong fragrance with modern Spencer-type large ruffled blooms. THE most fragrant sweet pea available. Also sold as ""High Scent"" / ""King's High Scent"" / ""Hi-Scent."" 6-8 ft climbing vines need strong trellis. Harvest when 2+ unopened buds at tip. POISONOUS if ingested — caution with kids and pets (not the same as garden pea). Shorter vase life the trade-off for fragrance.",Floret Library; Renee's Garden; Uprising Seeds; Fedco; Deep Harvest Farm; Burfoot Flowers; Sweet Pea Gardens,Multiple names for the same Hammett-bred variety. Strongly fragrant sweet peas are a category where this is the clear leader.,high,2026-04-24
sweet_pea_nimbus,sweet_pea,Nimbus (Spencer),Lathyrus odoratus,hardy annual,75,90,full sun (afternoon shade in hot zones),6,8,soak seeds; indoor start 10-12 wks before last frost,4,10,14,1,2,4,5,TRUE,,stormy purple-grey with darker flush,,,Cool-season — see other sweet peas,"Modern Spencer sweet pea with unique ""stormy"" grey-purple coloring. Huge fluttery blooms on 12""+ stems. Little to no fragrance — the trade-off modern Spencers make for bloom size and color. Pairs beautifully with April in Paris for combined scent + drama. Designer favorite for moody palette work.",Burfoot Flowers; Floret Library,Modern Spencers = large ruffled blooms with reduced scent vs. old-fashioned Grandifloras.,high,2026-04-24
sweet_pea_mollie_rilstone,sweet_pea,Mollie Rilstone,Lathyrus odoratus,hardy annual,75,90,full sun (afternoon shade in hot zones),6,8,soak seeds; indoor start 10-12 wks before last frost,4,10,14,1,2,4,5,TRUE,,cream with pink picotee edges,,,Cool-season annual — see April in Paris,"Cream flowers with warm pink picotee edging. Modern Spencer form. Good fragrance (stronger than Nimbus, not as intense as April in Paris). Long stems. Beloved wedding variety for the romantic cream-and-pink palette.",Floret Library,Classic wedding palette choice.,high,2026-04-24
celosia_chief_mix,celosia,Chief Series Mix (Crested/Cockscomb),Celosia cristata,annual,95,110,full sun,9,12,indoor start 4-6 weeks before last frost,,24,36,3,6,10,14,TRUE,,"mix: crimson, pink, orange, yellow, cream",,,Annual; dries beautifully — harvest and hang upside down for winter arrangements,"Classic ""cockscomb"" / brain-shaped ruffled celosia. Heat-LOVING — thrives in hot humid weather where other flowers fade. Very long vase life (10-14 days fresh, effectively forever dry). Needs long warm growing season — start indoors. Color holds well when dried. Unique textural element unlike anything else. Cut-and-come-again if side shoots encouraged.",Floret Library; Johnny's Selected Seeds; Territorial Seed,"Three celosia categories: crested (cockscomb brains), plumed (feathery plumes), and wheat (spike form). All grow similarly.",high,2026-04-24
celosia_sunday_series,celosia,Sunday Series (Plumed),Celosia argentea var. plumosa,annual,90,110,full sun,9,12,indoor start 4-6 weeks before last frost,12,24,40,4,8,10,14,TRUE,,"available in bright red, pink, yellow, orange, cream",,,Annual; excellent for drying,Plumed/feathery celosia form — fluffy upright plumes rather than brain-shaped crests. Sunday series is specifically bred for cut flower production with tall strong stems. Heat-loving. Pinch early for branching. Lasts extraordinarily long in vase. Dries to near-identical color. Versatile in bouquets.,Johnny's Selected Seeds; Floret Library,Sunday series is commercial cut-flower bred; consumer-grade Century series is shorter and bushier.,high,2026-04-24
celosia_flamingo_feather,celosia,Flamingo Feather (Wheat Type),Celosia spicata,annual,85,100,full sun,9,12,indoor start,12,30,48,4,8,10,14,TRUE,,soft pink fading to silver-white at tips,,,Annual; dries excellently,"Wheat-type celosia — narrow upright spikes like wheat heads, softer texture than crested or plumed. Soft pink with silvery tips — resembles flamingo feathers. Tall strong stems. Natural ""prairie"" aesthetic. Pairs with grasses and wildflower-style arrangements. Dries beautifully.",Johnny's Selected Seeds; Floret Library,Wheat celosia is less common — Flamingo Feather is the most popular cut flower version.,high,2026-04-24
bachelors_button_black_ball,bachelors_button,Black Ball,Centaurea cyanus,hardy annual,65,85,full sun,9,12,direct sow early spring or fall (hardy),,24,36,1,2,5,7,TRUE,,deep maroon-black,,,Hardy annual — can survive winter in zones 7+ if fall-planted; otherwise early spring sow,"Also called Cornflower. ""Black Ball"" is the nearly-black variety — rare dark flower highly prized by designers. Classic cottage garden flower. Cool-season hardy annual — germinates in cool soil, tolerates frost. Plants bolt in heat. Fall-plant in zones 7+ for spring bloom. Reseeds reliably.",Floret Library; Johnny's Selected Seeds; Baker Creek,Hardy annuals like bachelor's button should be planted EARLY — they struggle in heat.,high,2026-04-24
rudbeckia_sahara,rudbeckia,Sahara,Rudbeckia hirta,tender perennial (grown as annual),100,120,full sun,9,12,indoor start 6-8 weeks before last frost,12,24,36,3,5,7,10,TRUE,,"mix: dusty rose, rusty red, cream, caramel, bronze",3,7,Short-lived perennial in zones 3-7 (often only 1-2 years); grown as annual in most climates for cut flowers,"Remarkable color palette for a rudbeckia — antique muted tones (dusty rose, rust, cream, caramel) very unlike typical bright yellow black-eyed Susans. Bred specifically for cut flowers. Productive heat-tolerant bloomer from mid-summer through frost. Pinch early for branching. Customer favorite for autumn wedding palettes.",Floret Library; Johnny's Selected Seeds,Breaks from traditional yellow-rudbeckia expectations — notable for distinctive color range.,high,2026-04-24
rudbeckia_indian_summer,rudbeckia,Indian Summer,Rudbeckia hirta,tender perennial (grown as annual),100,120,full sun,12,18,indoor start,12,24,36,6,9,7,10,TRUE,,classic golden yellow with dark brown center,3,7,Often grown as annual; may overwinter in zones 3-7,"1995 AAS winner. Enormous 6-9"" golden-yellow daisies with dark centers. Dramatic size — single stems fill a vase. Classic black-eyed Susan appearance but supersized. Heat-tolerant, drought-tolerant. Heavy producer. A cottage-garden and cutting-garden staple.",Johnny's Selected Seeds; Burpee; All-America Selections,"The ""grande"" traditional black-eyed Susan — dramatically larger than wild Rudbeckia hirta.",high,2026-04-24
strawflower_copper_red,strawflower,Copper Red,Xerochrysum bracteatum,annual,75,90,full sun,9,12,indoor start 4-6 weeks before last frost,12,18,30,1,3,10,14,TRUE,,warm copper-red with golden center,,,Annual; premier drying flower — hang upside down to dry (holds color and form indefinitely),Also called Everlasting. Papery straw-textured petals that NEVER WILT — flowers feel dry even fresh on plant. Retain full color and shape when dried. Long vase life fresh (10-14 days). Premier dried flower. Productive and heat-tolerant. Essential component for dried wreaths and winter arrangements.,Floret Library; Johnny's Selected Seeds,Straw-textured petals are unique — can't be confused with anything else.,high,2026-04-24
statice_seeker_formula_mix,statice,QIS Formula Mix,Limonium sinuatum,tender perennial (grown as annual),110,130,full sun,9,12,indoor start 6-8 weeks before last frost,,18,30,,,10,14,TRUE,,"mix: purple, blue, pink, white, yellow, apricot",8,10,Annual in cold zones; tender perennial in zone 8+. Excellent drying flower — holds color for months.,QIS (Quick Improved Statice) series bred for cut flower production. Papery calyxes in bright colors with tiny white interior flowers. Long vase life. THE classic dried flower for color retention. Heat-tolerant. Branching plants produce many stems. Drought-tolerant once established.,Johnny's Selected Seeds; Floret Library,Statice is a bridge between fresh and dried flowers — works equally well for both.,high,2026-04-24
scabiosa_black_knight,scabiosa,Black Knight,Scabiosa atropurpurea,hardy annual,80,100,full sun,9,12,direct sow early spring or indoor start,10,18,30,1,2,5,7,TRUE,,deep maroon-black with white stamens,,,Hardy annual — may overwinter in zone 7+ mild climates,"Also called Pincushion Flower or Mourning Bride. One of the darkest flowers available — nearly black maroon. Honey-scented. White stamens create speckled ""pincushion"" appearance. Cool-season hardy annual — starts blooming early. Excellent in cottage-style and moody bouquets. Reseeds readily.",Floret Library; Johnny's Selected Seeds; Baker Creek,Premier dark flower alongside Bachelor's Button Black Ball and Chocolate Cosmos.,high,2026-04-24
scabiosa_fama_deep_blue,scabiosa,Fama Deep Blue,Scabiosa caucasica,perennial,110,130,full sun,12,18,indoor start 8-10 weeks before last frost (cold treatment helps),,18,24,3,4,7,10,TRUE,,deep violet-blue,4,9,Perennial in zones 4-9 — overwinter in garden with light mulch,Larger-flowered perennial pincushion. Blooms first year if started early. Produces continuously from early summer to frost if deadheaded. One of few true-blue cut flowers. Long-lived perennial. Divide clumps every 3-4 years.,Floret Library; Johnny's Selected Seeds,Different species from annual Scabiosa atropurpurea — perennial behavior changes the planning calculus.,high,2026-04-24
nigella_miss_jekyll,nigella,Miss Jekyll,Nigella damascena,hardy annual,65,85,full sun to part shade,6,9,direct sow early spring (taproot — resents transplanting),,18,24,1,2,5,7,FALSE,14,clear sky blue,,,"Hardy annual — fall plant in zone 7+ for early spring bloom, else early spring direct sow. Reseeds prolifically.",Also called Love-in-a-Mist. Ethereal feathery foliage with clear blue star-shaped flowers. Seed pods ALSO used as cut flowers/dried pods — harvest when inflated but still green. Double-duty plant. Cool-season — bolts in heat. Cannot be transplanted (taproot) — direct sow only. Reseeds reliably. One of few true-blue garden flowers.,Floret Library; Baker Creek; Johnny's Selected Seeds,Seed pod is often more valuable than the flower for cut-flower designers.,high,2026-04-24
yarrow_colorado,yarrow,Colorado Mix,Achillea millefolium,perennial,120,150,full sun,12,18,indoor start 8-10 weeks before last frost (first year); divisions in subsequent years,,24,30,3,4,7,10,TRUE,,"mix: white, pink, rose, red, yellow, apricot",3,9,Hardy perennial — cut back to ground in late fall. Divide every 2-3 years. Spreads via runners (contain if needed).,"Flat-topped clusters of tiny flowers — excellent flat ""plate"" form for bouquets. Long-lasting fresh and dried. Colorado mix gives broad color range. Drought-tolerant and low-maintenance. Attracts beneficial insects. Divide clumps in fall or early spring for free new plants. Blooms first year from early-started seed.",Johnny's Selected Seeds; Floret Library; Baker Creek,"Yarrow is beloved by flower farmers for reliability, longevity, and dual fresh/dried use.",high,2026-04-24
feverfew_magic_single,feverfew,Magic Single,Tanacetum parthenium,short-lived perennial (often grown as annual),110,130,full sun to part shade,9,12,indoor start 8-10 weeks before last frost,10,18,24,,1,7,10,TRUE,,white petals with yellow centers (daisy-like),5,8,Short-lived perennial (2-3 years) in zones 5-8; reseeds freely — appears volunteer in subsequent years,"Small daisy-like flowers in airy sprays — classic ""filler"" flower for bouquets. Aromatic foliage (medicinal/culinary history). Productive cutter — single plant yields many stems over weeks. Reseeds reliably. Excellent with roses, dahlias, zinnias as a delicate textural counterpoint.",Floret Library; Johnny's Selected Seeds,"Premier ""filler"" flower for cutting gardens — essential for bouquet design.",high,2026-04-24
lisianthus_voyage_series,lisianthus,Voyage Series,Eustoma grandiflorum,tender perennial (grown as annual),140,180,full sun,6,9,PURCHASE PLUGS — seed-starting is extremely slow and difficult for home growers,,30,40,2,3,14,21,TRUE,,"multi-petaled rose-like blooms in white, pink, purple, blue, cream, green",8,10,Annual in cold zones; tender perennial in zones 8+,"""Rose of Texas"" — fluffy rose-like blooms on tall strong stems. EXCEPTIONAL vase life (2-3 weeks). Considered premium/luxury cut flower. HOME GROWERS SHOULD BUY PLUGS, NOT SEEDS — seed-to-bloom takes 5-7 months and requires specific temperature ranges. Voyage series bred for long stems and commercial cut flower production. One of the most profitable flowers for flower farmers.",Johnny's Selected Seeds; Floret Library; Sakata,Seed germination challenge is critical warning for home growers — plugs are the practical path.,high,2026-04-24
calendula_ivory_princess,calendula,Ivory Princess,Calendula officinalis,hardy annual,55,70,full sun to part shade,9,12,direct sow early spring or indoor start,,12,18,2,3,5,7,TRUE,,ivory cream with pink tones,,,Hardy annual — reseeds readily. Fall plant in mild zones.,"Also called Pot Marigold. Edible medicinal flowers (petals for salads, skin salves). Soft cream-pink tones unusual for calendula — most varieties are bright orange/yellow. Cool-season — bolts in high heat. Prolific self-seeder. Productive cut flower over long season. Short stems limit vase use but good for posies.",Floret Library; Johnny's Selected Seeds,Edible/medicinal doubles as culinary herb.,high,2026-04-24
gomphrena_qis_formula,gomphrena,QIS Formula Mix,Gomphrena globosa,annual,85,100,full sun,9,12,indoor start 4-6 weeks before last frost,,18,30,,1,7,10,TRUE,,"mix: magenta, pink, purple, white, red",,,Annual; excellent for drying — harvest in full color and hang upside down,"Also called Globe Amaranth. Small papery clover-like ""globes"" about 1"" across — unique texture in bouquets. Heat and drought-tolerant — thrives in hot humid weather. Long vase life fresh and indefinite dried. QIS series bred for cut flower production with taller stems. Prolific producer throughout summer.",Johnny's Selected Seeds; Floret Library,Excellent filler/textural element — dries beautifully.,high,2026-04-24
amaranth_hopi_red_dye,amaranth,Hopi Red Dye,Amaranthus cruentus,annual,100,120,full sun,12,18,direct sow after frost or indoor start,,48,72,,,7,10,TRUE,,deep burgundy-red tassels and leaves,,,Annual; edible seeds can be harvested for grain,Dual-purpose: ornamental cut flower AND edible grain (Hopi traditional food crop — dark red dye from flowers). Tall plants (4-6 feet) with long upright burgundy plumes or drooping tassels depending on variety. Dramatic in arrangements and landscape. Heat-tolerant. Leaves also edible as greens. Plant is its own statement piece.,Baker Creek; Native Seeds/SEARCH; Johnny's Selected Seeds,Traditional Hopi crop — cultural significance in addition to ornamental and culinary value.,high,2026-04-24
amaranth_love_lies_bleeding,amaranth,Love Lies Bleeding,Amaranthus caudatus,annual,90,110,full sun,12,18,direct sow after frost,,36,60,,,7,10,TRUE,,dramatic pendulous deep red-burgundy tassels,,,Annual; self-seeds readily,"Victorian heirloom. Dramatic CASCADING rope-like red tassels that can reach 2 feet long hanging from the plant. Romantic gothic cottage-garden aesthetic. Provides unique ""trailing"" texture in arrangements. Works beautifully with dahlias, ranunculus, garden roses for romantic design. Edible grain and greens (also called Inca Wheat).",Baker Creek; Floret Library; Johnny's Selected Seeds,Pendulous/cascading form distinguishes from upright Amaranthus cruentus.,high,2026-04-24
stock_iron_series,stock,Iron Series,Matthiola incana,hardy biennial (grown as annual),100,120,full sun,6,9,indoor start 8-10 weeks before last frost; needs cool (50-60F) germination,,24,36,,1,7,10,FALSE,,"spires of fragrant blooms: apricot, white, pink, purple",,,Cool-season — plant in very early spring or late fall (zone 7+). Intolerant of heat.,"Intensely clove-scented spires of double flowers. Cool-season flower — plant early, finishes before summer heat. Iron series is bred for single-cut production with long uniform stems. Seedlings show ""double selector"" — pale leaves = double flowers; dark leaves = singles (cull singles for cutting garden). Requires cool temperatures to bloom properly.",Floret Library; Johnny's Selected Seeds,Cool-season timing and the double-selector trick are critical for success.,high,2026-04-24
larkspur_sublime_mix,larkspur,Sublime Mix,Consolida ajacis,hardy annual,100,120,full sun,6,9,direct sow fall (zones 6+) or very early spring — needs cold to germinate,,36,48,,1,7,10,FALSE,,"mix: deep blue, purple, pink, rose, white",,,Hardy annual — requires cold stratification to germinate. Fall sowing works best in zones 5+. Reseeds reliably once established.,"Annual cousin of perennial delphinium. Tall spires of delicate blooms in classic cool colors including the rare true-blue. Must have cold stratification — either direct-sow in late fall, or chill seeds in fridge for 2 weeks before spring sowing. Cool-season — heat-intolerant. TOXIC if ingested — keep away from pets and children. Dries beautifully for dried arrangements.",Floret Library; Johnny's Selected Seeds,Cold requirement is commonly missed — unchilled seeds won't germinate.,high,2026-04-24
bells_of_ireland,bells_of_ireland,Pixie Bells,Moluccella laevis,annual,95,110,full sun,9,12,direct sow or indoor start after cold stratification (2 weeks in fridge),,24,36,,,7,10,FALSE,,apple-green bell-shaped calyxes on tall spikes,,,Annual — self-seeds if allowed,Unique upright spikes lined with apple-green bell-shaped calyxes (the calyx is what's ornamental — tiny white flowers inside). Provides distinctive structural element in bouquets. Seeds need cold stratification to germinate. Be careful — plant has small thorns. Dries beautifully — color fades to straw but form holds.,Floret Library; Johnny's Selected Seeds; Baker Creek,Cold stratification is essential — many gardeners fail with unchilled seeds.,high,2026-04-24
poppy_iceland_champagne_bubbles,poppy,Champagne Bubbles (Iceland),Papaver nudicaule,short-lived perennial (grown as annual),120,150,full sun,6,9,indoor start 10-12 weeks before last frost (seeds need light — surface sow),,18,24,3,4,5,7,TRUE,,"mix: white, pink, apricot, yellow, orange, red",3,7,Short-lived perennial zone 3-7; usually grown as annual. Fall-plant in zone 7+ for stronger spring bloom.,"Iceland poppy — different from California poppy and opium poppy. Crepe-paper petals in pastel colors with black stamens. MUST USE SEARING TECHNIQUE to stop sap: dip stem ends in boiling water 7-10 seconds or sear with flame immediately after cutting, else flowers wilt within hours. Harvest when buds show color but before opening. Cool-season — finishes by early summer.",Floret Library; Johnny's Selected Seeds,The searing technique is essential — ordinary handling leads to wilted flowers.,high,2026-04-24
poppy_shirley_mother_of_pearl,poppy,Mother of Pearl (Shirley),Papaver rhoeas,hardy annual,75,90,full sun,6,9,direct sow fall or very early spring (taproot — direct sow only),,18,30,2,3,3,5,TRUE,,"mix: soft grays, lilacs, pinks, bicolors",,,Hardy annual — fall plant in mild zones; self-seeds abundantly,"Shirley poppy — strain of the common European field poppy. Mother of Pearl is the soft-palette version with gray/lilac/pink tones. Gardeners select and cross-pollinate for ghostly palette. Short-lived in vase (3-5 days) — best for garden and photography. Cool-season. Bred by artist Cedric Morris. Reseeds vigorously — once established, returns indefinitely.",Floret Library; Johnny's Selected Seeds; Baker Creek,Short vase life is inherent to Shirley poppies — primarily a garden flower rather than cut.,high,2026-04-24
snapdragon_chantilly_light_pink,snapdragon,Chantilly Light Pink,Antirrhinum majus,tender perennial (grown as annual),110,130,full sun to part shade,6,9,indoor start 10-12 weeks before last frost,6,30,42,1,2,7,14,TRUE,,soft light pink,7,10,Annual in cold zones; may survive zone 7+ winters,Single-color Chantilly variant — popular for wedding palette consistency. Open-face azalea form. See Chantilly Mix entry for full culture. Extremely long vase life. Solid-color bulk orders easier for large events than mix.,Floret Library; Johnny's Selected Seeds,Solid-color versions of popular mixes are valuable for designer/wedding work.,high,2026-04-24
flowering_tobacco_langsdorffii,flowering_tobacco,Langsdorffii,Nicotiana langsdorffii,annual,85,100,full sun to part shade,12,18,surface-sow (needs light); indoor start 8-10 weeks before last frost,,36,48,,1,7,10,TRUE,,chartreuse-green bell-shaped flowers,,,Annual — self-seeds readily,"Unusual chartreuse-green ornamental tobacco. Tall airy sprays of small dangling bell-shaped flowers — excellent ""texture"" / filler element for bouquets. Attracts hummingbirds. Fragrant in the evening. More refined than typical Nicotiana — no sticky leaves. Filler flower essential for designer-style bouquets.",Floret Library; Johnny's Selected Seeds,Green/chartreuse flowers are a specialty niche — designers love them.,high,2026-04-24
yarrow_cerise_queen,yarrow,Cerise Queen,Achillea millefolium,perennial,120,150,full sun,12,18,indoor start or divisions,,24,30,3,4,7,10,TRUE,,bright pink-magenta fading to rose,3,9,"Hardy perennial — cut back in fall, divide every 2-3 years",Heirloom pink yarrow. Bright pink flat-topped clusters. Same culture as Colorado Mix but solid color. Fades gradually as flowers age — each plant shows multiple color stages simultaneously. Dries beautifully. Drought-tolerant and reliable.,Johnny's Selected Seeds; Baker Creek,Older cultivar than modern Summer Pastels series.,high,2026-04-24
salvia_blue_bedder,salvia,Blue Bedder,Salvia farinacea,tender perennial (grown as annual),90,110,full sun,9,12,indoor start 8-10 weeks before last frost,10,18,24,,,7,10,TRUE,,deep violet-blue spikes,8,10,Perennial zone 8+; annual elsewhere. Drought-tolerant once established.,Mealycup sage. Long narrow spikes of true-blue flowers. Heat and drought tolerant — productive through hot humid summers. Attracts hummingbirds and pollinators. Reliable cut flower — one of the most dependable blues. Part of most flower-farmer standard plantings.,Johnny's Selected Seeds; Floret Library,Blue is rare in the flower world — salvia is one of the dependable sources.,high,2026-04-24
